id,portal
tramite.tramite_documento_1,FALSE
tramite.tramite_documento_2,TRUE
tramite.tramite_documento_4,TRUE
tramite.tramite_documento_5,
tramite.tramite_documento_71,FALSE
tramite.tramite_documento_72,
tramite.tramite_documento_73,TRUE
tramite.tramite_documento_78,TRUE
tramite.tramite_documento_79,TRUE
tramite.tramite_documento_80,TRUE
tramite.tramite_documento_77,TRUE
tramite.tramite_documento_81,TRUE
tramite.tramite_documento_82,TRUE
tramite.tramite_documento_83,TRUE
tramite.tramite_documento_84,TRUE
tramite.tramite_documento_85,FALSE
tramite.tramite_documento_86,FALSE
tramite.tramite_documento_87,FALSE
tramite.tramite_documento_88,TRUE
tramite.tramite_documento_89,TRUE
tramite.tramite_documento_90,TRUE
tramite.tramite_documento_92,
tramite.tramite_documento_93,
tramite.tramite_documento_94,
tramite.tramite_documento_95,
tramite.tramite_documento_96,
tramite.tramite_documento_98,
tramite.tramite_documento_99,
tramite.tramite_documento_100,
tramite.tramite_documento_101,FALSE
tramite.tramite_documento_102,FALSE
tramite.tramite_documento_103,FALSE
tramite.tramite_documento_104,FALSE
tramite.tramite_documento_105,
tramite.tramite_documento_106,
tramite.tramite_documento_107,
tramite.tramite_documento_108,
tramite.tramite_documento_109,
tramite.tramite_documento_110,FALSE
tramite.tramite_documento_111,FALSE
tramite.tramite_documento_112,FALSE
tramite.tramite_documento_113,FALSE
tramite.tramite_documento_114,FALSE
tramite.tramite_documento_115,FALSE
tramite.tramite_documento_116,FALSE
tramite.tramite_documento_117,FALSE
tramite.tramite_documento_118,FALSE
tramite.tramite_documento_119,FALSE
tramite.tramite_documento_120,FALSE
tramite.tramite_documento_121,FALSE
tramite.tramite_documento_122,FALSE
tramite.tramite_documento_123,FALSE
tramite.tramite_documento_124,FALSE
tramite.tramite_documento_125,FALSE
tramite.tramite_documento_126,FALSE
tramite.tramite_documento_127,FALSE
tramite.tramite_documento_128,FALSE
tramite.tramite_documento_129,FALSE
tramite.tramite_documento_130,FALSE
tramite.tramite_documento_132,FALSE
tramite.tramite_documento_133,FALSE
tramite.tramite_documento_134,FALSE
tramite.tramite_documento_136,FALSE
tramite.tramite_documento_137,FALSE
tramite.tramite_documento_138,FALSE
tramite.tramite_documento_139,FALSE
tramite.tramite_documento_140,FALSE
tramite.tramite_documento_141,FALSE
tramite.tramite_documento_142,FALSE
tramite.tramite_documento_143,FALSE
tramite.tramite_documento_144,FALSE
tramite.tramite_documento_145,FALSE
tramite.tramite_documento_146,FALSE
tramite.tramite_documento_149,FALSE
tramite.tramite_documento_150,FALSE
tramite.tramite_documento_151,FALSE
tramite.tramite_documento_152,FALSE
tramite.tramite_documento_154,FALSE
tramite.tramite_documento_155,FALSE
tramite.tramite_documento_156,FALSE
tramite.tramite_documento_158,FALSE
tramite.tramite_documento_159,FALSE
tramite.tramite_documento_160,FALSE
tramite.tramite_documento_161,FALSE
tramite.tramite_documento_162,FALSE
tramite.tramite_documento_163,FALSE
tramite.tramite_documento_164,FALSE
tramite.tramite_documento_165,FALSE
tramite.tramite_documento_166,FALSE
tramite.tramite_documento_167,FALSE
tramite.tramite_documento_168,FALSE
tramite.tramite_documento_170,FALSE
tramite.tramite_documento_171,FALSE
tramite.tramite_documento_172,FALSE
tramite.tramite_documento_173,FALSE
tramite.tramite_documento_174,FALSE
tramite.tramite_documento_175,FALSE
tramite.tramite_documento_176,FALSE
tramite.tramite_documento_177,FALSE
tramite.tramite_documento_178,FALSE
tramite.tramite_documento_179,FALSE
tramite.tramite_documento_180,FALSE
tramite.tramite_documento_181,FALSE
tramite.tramite_documento_182,FALSE
tramite.tramite_documento_183,FALSE
tramite.tramite_documento_184,FALSE
tramite.tramite_documento_185,FALSE
tramite.tramite_documento_186,FALSE
tramite.tramite_documento_187,FALSE
tramite.tramite_documento_188,FALSE
tramite.tramite_documento_189,FALSE
tramite.tramite_documento_191,
tramite.tramite_documento_192,
tramite.tramite_documento_193,
tramite.tramite_documento_194,
tramite.tramite_documento_195,
tramite.tramite_documento_197,
tramite.tramite_documento_198,
tramite.tramite_documento_199,
tramite.tramite_documento_200,
tramite.tramite_documento_203,
tramite.tramite_documento_204,
tramite.tramite_documento_205,
tramite.tramite_documento_206,FALSE
tramite.tramite_documento_207,
tramite.tramite_documento_208,
tramite.tramite_documento_210,FALSE
tramite.tramite_documento_211,
tramite.tramite_documento_212,FALSE
tramite.tramite_documento_213,FALSE
tramite.tramite_documento_214,
tramite.tramite_documento_215,FALSE
tramite.tramite_documento_216,FALSE
tramite.tramite_documento_218,FALSE
tramite.tramite_documento_219,FALSE
tramite.tramite_documento_220,FALSE
tramite.tramite_documento_221,FALSE
tramite.tramite_documento_222,FALSE
tramite.tramite_documento_223,FALSE
tramite.tramite_documento_224,FALSE
tramite.tramite_documento_225,FALSE
tramite.tramite_documento_226,FALSE
tramite.tramite_documento_227,FALSE
tramite.tramite_documento_228,FALSE
tramite.tramite_documento_229,FALSE
tramite.tramite_documento_230,FALSE
tramite.tramite_documento_231,FALSE
tramite.tramite_documento_232,FALSE
tramite.tramite_documento_233,FALSE
